{
  "args": {
    "corpus_size": 50000,
    "train_frac": 0.9,
    "epochs": 10,
    "batch": 64,
    "lr": 0.0003,
    "weight_decay": 0.01,
    "grad_clip": 1.0,
    "lambda_ae": 1.0,
    "warmup_steps": 500,
    "d_model": 256,
    "n_head": 4,
    "n_layer": 3,
    "d_ff": 1024,
    "max_len": 32,
    "dropout": 0.1,
    "device": "cuda",
    "seed": 0,
    "save_path": "checkpoints/lm.pt",
    "log_path": "logs/lm.jsonl",
    "gate_path": "results/lm_gate.json",
    "roundtrip_n": 1000
  },
  "verdict": {
    "pass": true,
    "roundtrip_slot_match_rate": 0.9940000000000001,
    "slot_threshold": 0.95,
    "slot_pass": true,
    "combo_pass_rate": 1.0,
    "combo_threshold": 1.0,
    "combo_pass": true,
    "roundtrip_exact_match_rate": 0.987,
    "agent_match_rate": 0.989,
    "heading_match_rate": 0.995,
    "cheese_dir_match_rate": 0.998
  },
  "roundtrip": {
    "exact_match_rate": 0.987,
    "slot_match_rate": 0.9940000000000001,
    "agent_match_rate": 0.989,
    "agent_row_match_rate": 0.993,
    "agent_col_match_rate": 0.996,
    "heading_match_rate": 0.995,
    "cheese_dir_match_rate": 0.998,
    "num_sentences": 1000
  },
  "combo_72": {
    "num_total": 72,
    "num_passed": 72,
    "pass_rate": 1.0,
    "num_exact": 52,
    "exact_rate": 0.7222222222222222,
    "failed_examples": []
  },
  "epoch_metrics": [
    {
      "epoch": 1,
      "train_loss": 2.496048954400149,
      "train_next_token": 1.4733371263877912,
      "train_autoencode": 1.0227118280970238,
      "held_loss": 1.759396285950383,
      "held_next_token": 1.26531688171097,
      "held_autoencode": 0.49407940876634815,
      "held_roundtrip_exact": 0.015,
      "held_roundtrip_slot": 0.18833333333333332,
      "held_roundtrip_n": 200,
      "elapsed_sec": 10.430449962615967
    },
    {
      "epoch": 2,
      "train_loss": 1.732286386699839,
      "train_next_token": 1.2589061829176815,
      "train_autoencode": 0.47338020327416336,
      "held_loss": 1.5467478534843349,
      "held_next_token": 1.241653994668888,
      "held_autoencode": 0.3050938554202454,
      "held_roundtrip_exact": 0.08,
      "held_roundtrip_slot": 0.38999999999999996,
      "held_roundtrip_n": 200,
      "elapsed_sec": 9.533442974090576
    },
    {
      "epoch": 3,
      "train_loss": 1.5327659818259152,
      "train_next_token": 1.2521087498488752,
      "train_autoencode": 0.28065723218870436,
      "held_loss": 1.3827430221098889,
      "held_next_token": 1.2392949228045307,
      "held_autoencode": 0.14344810138020334,
      "held_roundtrip_exact": 0.29,
      "held_roundtrip_slot": 0.725,
      "held_roundtrip_n": 200,
      "elapsed_sec": 8.872102737426758
    },
    {
      "epoch": 4,
      "train_loss": 1.422957053069364,
      "train_next_token": 1.248059114610607,
      "train_autoencode": 0.17489793691360814,
      "held_loss": 1.342691880238207,
      "held_next_token": 1.241033071204077,
      "held_autoencode": 0.10165880658204042,
      "held_roundtrip_exact": 0.335,
      "held_roundtrip_slot": 0.77,
      "held_roundtrip_n": 200,
      "elapsed_sec": 9.057390451431274
    },
    {
      "epoch": 5,
      "train_loss": 1.3885092779316686,
      "train_next_token": 1.2457641314037822,
      "train_autoencode": 0.1427451454907317,
      "held_loss": 1.3317398662808575,
      "held_next_token": 1.2359507974190047,
      "held_autoencode": 0.0957890680130524,
      "held_roundtrip_exact": 0.33,
      "held_roundtrip_slot": 0.7766666666666667,
      "held_roundtrip_n": 200,
      "elapsed_sec": 9.255064010620117
    },
    {
      "epoch": 6,
      "train_loss": 1.3717500818046657,
      "train_next_token": 1.243049015883695,
      "train_autoencode": 0.12870106216393074,
      "held_loss": 1.3294831272921985,
      "held_next_token": 1.238696713990803,
      "held_autoencode": 0.09078641000050533,
      "held_roundtrip_exact": 0.43,
      "held_roundtrip_slot": 0.8083333333333332,
      "held_roundtrip_n": 200,
      "elapsed_sec": 8.889625072479248
    },
    {
      "epoch": 7,
      "train_loss": 1.3223630609837445,
      "train_next_token": 1.2419708748771385,
      "train_autoencode": 0.08039218694267963,
      "held_loss": 1.2513653100291384,
      "held_next_token": 1.2382804125170164,
      "held_autoencode": 0.013084893362431587,
      "held_roundtrip_exact": 0.99,
      "held_roundtrip_slot": 0.9966666666666667,
      "held_roundtrip_n": 200,
      "elapsed_sec": 8.874760389328003
    },
    {
      "epoch": 8,
      "train_loss": 1.291386273943565,
      "train_next_token": 1.2407760789448565,
      "train_autoencode": 0.050610193411226974,
      "held_loss": 1.2428389470788497,
      "held_next_token": 1.2357371804080433,
      "held_autoencode": 0.007101765026255876,
      "held_roundtrip_exact": 0.99,
      "held_roundtrip_slot": 0.9933333333333333,
      "held_roundtrip_n": 200,
      "elapsed_sec": 8.906386375427246
    },
    {
      "epoch": 9,
      "train_loss": 1.2785220557654446,
      "train_next_token": 1.2392376593568109,
      "train_autoencode": 0.03928439730556089,
      "held_loss": 1.2459018064450613,
      "held_next_token": 1.2404120903980882,
      "held_autoencode": 0.005489716741044216,
      "held_roundtrip_exact": 0.975,
      "held_roundtrip_slot": 0.985,
      "held_roundtrip_n": 200,
      "elapsed_sec": 9.594746351242065
    },
    {
      "epoch": 10,
      "train_loss": 1.2716072882440956,
      "train_next_token": 1.2386119270866567,
      "train_autoencode": 0.032995361609871245,
      "held_loss": 1.2381588235686096,
      "held_next_token": 1.2353903417345844,
      "held_autoencode": 0.0027684800369558926,
      "held_roundtrip_exact": 0.97,
      "held_roundtrip_slot": 0.9900000000000001,
      "held_roundtrip_n": 200,
      "elapsed_sec": 9.96180510520935
    }
  ],
  "params": 2450432
}