{
  "n_fit": 245760,
  "d_model": 256,
  "d_agent": 256,
  "cheese_dir_dist": {
    "right": 34225,
    "up": 50858,
    "up-right": 160677
  },
  "ridge_lambda": null,
  "per_slot": {
    "in_dist": {
      "rung1_hebbian": {
        "agent_region": 0.0969,
        "heading": 0.180275,
        "cheese_dir": 0.1373,
        "mean": 0.13815833333333336
      },
      "rung2_ridge": {
        "agent_region": 0.56545,
        "heading": 0.223375,
        "cheese_dir": 0.385325,
        "mean": 0.39138333333333336
      },
      "rung3_procrustes": {
        "agent_region": 0.20625,
        "heading": 0.1945,
        "cheese_dir": 0.05085,
        "mean": 0.15053333333333332
      },
      "random": {
        "agent_region": 0.173375,
        "heading": 0.1562,
        "cheese_dir": 0.087975,
        "mean": 0.13918333333333333
      },
      "identity": {
        "agent_region": 0.12315,
        "heading": 0.181225,
        "cheese_dir": 0.1151,
        "mean": 0.139825
      },
      "trained_bridge": {
        "agent_region": 0.61185,
        "heading": 0.356225,
        "cheese_dir": 0.7802,
        "mean": 0.5827583333333334
      },
      "B4_ceiling": {
        "agent_region": 0.8002,
        "heading": 0.3454,
        "cheese_dir": 0.868475,
        "mean": 0.6713583333333334
      }
    },
    "ood": {
      "rung1_hebbian": {
        "agent_region": 0.034625,
        "heading": 0.142825,
        "cheese_dir": 0.044225,
        "mean": 0.07389166666666667
      },
      "rung2_ridge": {
        "agent_region": 0.52025,
        "heading": 0.280375,
        "cheese_dir": 0.0919,
        "mean": 0.2975083333333333
      },
      "rung3_procrustes": {
        "agent_region": 0.276325,
        "heading": 0.156125,
        "cheese_dir": 0.18195,
        "mean": 0.2048
      },
      "random": {
        "agent_region": 0.16735,
        "heading": 0.096175,
        "cheese_dir": 0.0832,
        "mean": 0.115575
      },
      "identity": {
        "agent_region": 0.054175,
        "heading": 0.14575,
        "cheese_dir": 0.0599,
        "mean": 0.08660833333333333
      },
      "trained_bridge": {
        "agent_region": 0.5994,
        "heading": 0.41325,
        "cheese_dir": 0.070975,
        "mean": 0.36120833333333335
      },
      "B4_ceiling": {
        "agent_region": 0.77235,
        "heading": 0.321725,
        "cheese_dir": 0.07615,
        "mean": 0.39007499999999995
      }
    }
  },
  "swap_following": {
    "rung1_hebbian": {
      "rate": 0.0,
      "n_readA": 344,
      "curve": [
        0.312,
        0.315,
        0.32,
        0.32,
        0.32
      ]
    },
    "rung2_ridge": {
      "rate": 0.49898580121703856,
      "n_readA": 493,
      "curve": [
        0.126,
        0.167,
        0.254,
        0.403,
        0.508
      ]
    },
    "rung3_procrustes": {
      "rate": 0.029197080291970802,
      "n_readA": 137,
      "curve": [
        0.137,
        0.118,
        0.083,
        0.078,
        0.105
      ]
    },
    "random": {
      "rate": 0.0,
      "n_readA": 222,
      "curve": [
        0.215,
        0.248,
        0.246,
        0.238,
        0.201
      ]
    },
    "identity": {
      "rate": 0.0,
      "n_readA": 286,
      "curve": [
        0.191,
        0.246,
        0.278,
        0.287,
        0.255
      ]
    },
    "trained_bridge": {
      "rate": 0.7222222222222222,
      "n_readA": 702,
      "curve": [
        0.151,
        0.241,
        0.426,
        0.603,
        0.711
      ]
    },
    "B4_ceiling": {
      "rate": 0.8541423570595099,
      "n_readA": 857,
      "curve": [
        0.067,
        0.193,
        0.471,
        0.727,
        0.847
      ]
    }
  },
  "verdicts": {
    "step1_memory_transfer": {
      "rung1_slot_in": 0.13815833333333336,
      "random_slot_in": 0.13918333333333333,
      "delta_slot": -0.0010249999999999704,
      "rung1_swap": 0.0,
      "random_swap": 0.0,
      "delta_swap": 0.0,
      "pass": false
    },
    "normalization_key": {
      "best_norm": "rung2_ridge",
      "delta_swap": 0.49898580121703856,
      "delta_slot": 0.25322500000000003,
      "pass": true
    },
    "ceiling": {
      "best_rung": "rung2_ridge",
      "best_rung_swap": 0.49898580121703856,
      "b4_swap": 0.8541423570595099,
      "swap_pct_of_b4": 0.584195125195358,
      "best_rung_slot_in": 0.39138333333333336,
      "b4_slot_in": 0.6713583333333334,
      "slot_pct_of_b4": 0.5829723322120577
    }
  }
}