{
  "n_pairs": 1000,
  "alphas": [
    0.0,
    0.25,
    0.5,
    0.75,
    1.0
  ],
  "curve": {
    "V2": [
      0.157,
      0.199,
      0.254,
      0.374,
      0.465
    ],
    "B4": [
      0.075,
      0.201,
      0.443,
      0.707,
      0.833
    ],
    "B3": [
      0.082,
      0.183,
      0.468,
      0.723,
      0.833
    ]
  },
  "swap_following": {
    "V2": {
      "rate": 0.4194214876033058,
      "n_readA": 484
    },
    "B4": {
      "rate": 0.8300117233294255,
      "n_readA": 853
    },
    "B3": {
      "rate": 0.8283671036948749,
      "n_readA": 839
    }
  }
}